TIMEPOINT,date,zone_demand_mw

2020-01-23 00:00,Solar,0
2020-01-23 02:00,Solar,0
2020-01-23 04:00,Solar,0
2020-01-23 06:00,Solar,0.0
2020-01-23 08:00,Solar,0.012669921855000276
2020-01-23 10:00,Solar,0.34846655743179245
2020-01-23 12:00,Solar,0.10465340821351754
2020-01-23 14:00,Solar,0.2803748770362944
2020-01-23 16:00,Solar,0.4069115884448711
2020-01-23 18:00,Solar,0.2704058454641255
2020-01-23 20:00,Solar,0
2020-01-23 22:00,Solar,0
2020-02-23 00:00,Solar,0
2020-02-23 02:00,Solar,0
2020-02-23 04:00,Solar,0
2020-02-23 06:00,Solar,0.0
2020-02-23 08:00,Solar,0.1409782359271909
2020-02-23 10:00,Solar,0.4542882560080798
2020-02-23 12:00,Solar,0.2960079170141
2020-02-23 14:00,Solar,0.003344219727626885
2020-02-23 16:00,Solar,0.12448328888391715
2020-02-23 18:00,Solar,0.29257227416202486
2020-02-23 20:00,Solar,0
2020-02-23 22:00,Solar,0
2020-03-23 00:00,Solar,0
2020-03-23 02:00,Solar,0
2020-03-23 04:00,Solar,0
2020-03-23 06:00,Solar,0.0
2020-03-23 08:00,Solar,0.2619500632265763
2020-03-23 10:00,Solar,0.08871266961326339
2020-03-23 12:00,Solar,0.04115399233720707
2020-03-23 14:00,Solar,0.0643176077146681
2020-03-23 16:00,Solar,0.3404343172543359
2020-03-23 18:00,Solar,0.0928521562514533
2020-03-23 20:00,Solar,0
2020-03-23 22:00,Solar,0
2020-04-23 00:00,Solar,0
2020-04-23 02:00,Solar,0
2020-04-23 04:00,Solar,0
2020-04-23 06:00,Solar,0.0
2020-04-23 08:00,Solar,0.25768774935827377
2020-04-23 10:00,Solar,0.38707479970634495
2020-04-23 12:00,Solar,0.9249330136549089
2020-04-23 14:00,Solar,0.2637137559526668
2020-04-23 16:00,Solar,0.06504902693914552
2020-04-23 18:00,Solar,0.001815691932931318
2020-04-23 20:00,Solar,0
2020-04-23 22:00,Solar,0
2020-05-23 00:00,Solar,0
2020-05-23 02:00,Solar,0
2020-05-23 04:00,Solar,0
2020-05-23 06:00,Solar,0.0
2020-05-23 08:00,Solar,0.1988346534143203
2020-05-23 10:00,Solar,0.553577999881033
2020-05-23 12:00,Solar,0.13204143423824877
2020-05-23 14:00,Solar,0.10375205104015395
2020-05-23 16:00,Solar,0.023105844250152538
2020-05-23 18:00,Solar,0.2589581544254702
2020-05-23 20:00,Solar,0
2020-05-23 22:00,Solar,0
2020-06-23 00:00,Solar,0
2020-06-23 02:00,Solar,0
2020-06-23 04:00,Solar,0
2020-06-23 06:00,Solar,0.0
2020-06-23 08:00,Solar,0.1276826749965608
2020-06-23 10:00,Solar,0.45315443937063166
2020-06-23 12:00,Solar,0.41819804533558436
2020-06-23 14:00,Solar,0.7145254492401488
2020-06-23 16:00,Solar,0.5603712641987757
2020-06-23 18:00,Solar,0.28726022482247165
2020-06-23 20:00,Solar,0
2020-06-23 22:00,Solar,0
2020-07-23 00:00,Solar,0
2020-07-23 02:00,Solar,0
2020-07-23 04:00,Solar,0
2020-07-23 06:00,Solar,0.0
2020-07-23 08:00,Solar,0.2580001882133029
2020-07-23 10:00,Solar,0.6225880735630278
2020-07-23 12:00,Solar,0.13492289488911535
2020-07-23 14:00,Solar,0.4508706251521791
2020-07-23 16:00,Solar,0.48866613227274996
2020-07-23 18:00,Solar,0.22753342303910865
2020-07-23 20:00,Solar,0
2020-07-23 22:00,Solar,0
2020-08-23 00:00,Solar,0
2020-08-23 02:00,Solar,0
2020-08-23 04:00,Solar,0
2020-08-23 06:00,Solar,0.0
2020-08-23 08:00,Solar,0.29983781545512067
2020-08-23 10:00,Solar,0.4702063035388854
2020-08-23 12:00,Solar,0.8495015411623201
2020-08-23 14:00,Solar,0.2544672340841192
2020-08-23 16:00,Solar,0.4046105599889951
2020-08-23 18:00,Solar,0.15968538751338204
2020-08-23 20:00,Solar,0
2020-08-23 22:00,Solar,0
2020-09-23 00:00,Solar,0
2020-09-23 02:00,Solar,0
2020-09-23 04:00,Solar,0
2020-09-23 06:00,Solar,0.0
2020-09-23 08:00,Solar,0.32545424096542647
2020-09-23 10:00,Solar,0.5395514878909307
2020-09-23 12:00,Solar,0.202609372013263
2020-09-23 14:00,Solar,0.7778113438678784
2020-09-23 16:00,Solar,0.29055838948194523
2020-09-23 18:00,Solar,0.16097648461668732
2020-09-23 20:00,Solar,0
2020-09-23 22:00,Solar,0
2020-10-23 00:00,Solar,0
2020-10-23 02:00,Solar,0
2020-10-23 04:00,Solar,0
2020-10-23 06:00,Solar,0.0
2020-10-23 08:00,Solar,0.015788983121557135
2020-10-23 10:00,Solar,0.3892646248225113
2020-10-23 12:00,Solar,0.947476634412514
2020-10-23 14:00,Solar,0.3081774114907676
2020-10-23 16:00,Solar,0.6696288264757323
2020-10-23 18:00,Solar,0.24636894371158982
2020-10-23 20:00,Solar,0
2020-10-23 22:00,Solar,0
2020-11-23 00:00,Solar,0
2020-11-23 02:00,Solar,0
2020-11-23 04:00,Solar,0
2020-11-23 06:00,Solar,0.0
2020-11-23 08:00,Solar,0.13222655603453323
2020-11-23 10:00,Solar,0.26681137440223535
2020-11-23 12:00,Solar,0.27829660585865756
2020-11-23 14:00,Solar,0.4076553320030798
2020-11-23 16:00,Solar,0.46072369451685474
2020-11-23 18:00,Solar,0.11546451792329435
2020-11-23 20:00,Solar,0
2020-11-23 22:00,Solar,0
2020-12-23 00:00,Solar,0
2020-12-23 02:00,Solar,0
2020-12-23 04:00,Solar,0
2020-12-23 06:00,Solar,0.0
2020-12-23 08:00,Solar,0.02457018728567139
2020-12-23 10:00,Solar,0.6646824618263467
2020-12-23 12:00,Solar,0.2537826414358275
2020-12-23 14:00,Solar,0.14926969415565006
2020-12-23 16:00,Solar,0.6702553577630932
2020-12-23 18:00,Solar,0.3392654763303494
2020-12-23 20:00,Solar,0
2020-12-23 22:00,Solar,0
2025-01-23 00:00,Solar,0
2025-01-23 02:00,Solar,0
2025-01-23 04:00,Solar,0
2025-01-23 06:00,Solar,0.0
2025-01-23 08:00,Solar,0.22905519779248484
2025-01-23 10:00,Solar,0.31571478942771397
2025-01-23 12:00,Solar,0.34481592516378434
2025-01-23 14:00,Solar,0.7348972619828034
2025-01-23 16:00,Solar,0.13322237966042383
2025-01-23 18:00,Solar,0.07102301897142595
2025-01-23 20:00,Solar,0
2025-01-23 22:00,Solar,0
2025-02-23 00:00,Solar,0
2025-02-23 02:00,Solar,0
2025-02-23 04:00,Solar,0
2025-02-23 06:00,Solar,0.0
2025-02-23 08:00,Solar,0.27560062111824796
2025-02-23 10:00,Solar,0.621194003092895
2025-02-23 12:00,Solar,0.14989983104438942
2025-02-23 14:00,Solar,0.5530213090108748
2025-02-23 16:00,Solar,0.32793246678345916
2025-02-23 18:00,Solar,0.2818591075736348
2025-02-23 20:00,Solar,0
2025-02-23 22:00,Solar,0
2025-03-23 00:00,Solar,0
2025-03-23 02:00,Solar,0
2025-03-23 04:00,Solar,0
2025-03-23 06:00,Solar,0.0
2025-03-23 08:00,Solar,0.2386489585107011
2025-03-23 10:00,Solar,0.6636694074542558
2025-03-23 12:00,Solar,0.7905011231744081
2025-03-23 14:00,Solar,0.8978665088859721
2025-03-23 16:00,Solar,0.34268679813628083
2025-03-23 18:00,Solar,0.06876401409384003
2025-03-23 20:00,Solar,0
2025-03-23 22:00,Solar,0
2025-04-23 00:00,Solar,0
2025-04-23 02:00,Solar,0
2025-04-23 04:00,Solar,0
2025-04-23 06:00,Solar,0.0
2025-04-23 08:00,Solar,0.31013850900600953
2025-04-23 10:00,Solar,0.6131852608722858
2025-04-23 12:00,Solar,0.13508080506714126
2025-04-23 14:00,Solar,0.6889215507346693
2025-04-23 16:00,Solar,0.04343240762325981
2025-04-23 18:00,Solar,0.26411961273078394
2025-04-23 20:00,Solar,0
2025-04-23 22:00,Solar,0
2025-05-23 00:00,Solar,0
2025-05-23 02:00,Solar,0
2025-05-23 04:00,Solar,0
2025-05-23 06:00,Solar,0.0
2025-05-23 08:00,Solar,0.34157966901355197
2025-05-23 10:00,Solar,0.002696798744521467
2025-05-23 12:00,Solar,0.24421804278860504
2025-05-23 14:00,Solar,0.6408457246561599
2025-05-23 16:00,Solar,0.04568846900764734
2025-05-23 18:00,Solar,0.12093109035803752
2025-05-23 20:00,Solar,0
2025-05-23 22:00,Solar,0
2025-06-23 00:00,Solar,0
2025-06-23 02:00,Solar,0
2025-06-23 04:00,Solar,0
2025-06-23 06:00,Solar,0.0
2025-06-23 08:00,Solar,0.13534167518264106
2025-06-23 10:00,Solar,0.47622110267855416
2025-06-23 12:00,Solar,0.5931227166949483
2025-06-23 14:00,Solar,0.5531036753495107
2025-06-23 16:00,Solar,0.5542229108567843
2025-06-23 18:00,Solar,0.12190418672808878
2025-06-23 20:00,Solar,0
2025-06-23 22:00,Solar,0
2025-07-23 00:00,Solar,0
2025-07-23 02:00,Solar,0
2025-07-23 04:00,Solar,0
2025-07-23 06:00,Solar,0.0
2025-07-23 08:00,Solar,0.1662553047864854
2025-07-23 10:00,Solar,0.46765736293348825
2025-07-23 12:00,Solar,0.9484169070499331
2025-07-23 14:00,Solar,0.30539973976143797
2025-07-23 16:00,Solar,0.053736146843313425
2025-07-23 18:00,Solar,0.1914643009809542
2025-07-23 20:00,Solar,0
2025-07-23 22:00,Solar,0
2025-08-23 00:00,Solar,0
2025-08-23 02:00,Solar,0
2025-08-23 04:00,Solar,0
2025-08-23 06:00,Solar,0.0
2025-08-23 08:00,Solar,0.24153013234192716
2025-08-23 10:00,Solar,0.11812610722571205
2025-08-23 12:00,Solar,0.760134263712838
2025-08-23 14:00,Solar,0.518697543485945
2025-08-23 16:00,Solar,0.6075963826926276
2025-08-23 18:00,Solar,0.014125905426272378
2025-08-23 20:00,Solar,0
2025-08-23 22:00,Solar,0
2025-09-23 00:00,Solar,0
2025-09-23 02:00,Solar,0
2025-09-23 04:00,Solar,0
2025-09-23 06:00,Solar,0.0
2025-09-23 08:00,Solar,0.10002903207183614
2025-09-23 10:00,Solar,0.19564493145951878
2025-09-23 12:00,Solar,0.5682049670289433
2025-09-23 14:00,Solar,0.010830623437352638
2025-09-23 16:00,Solar,0.4120494274219038
2025-09-23 18:00,Solar,0.27954753148952954
2025-09-23 20:00,Solar,0
2025-09-23 22:00,Solar,0
2025-10-23 00:00,Solar,0
2025-10-23 02:00,Solar,0
2025-10-23 04:00,Solar,0
2025-10-23 06:00,Solar,0.0
2025-10-23 08:00,Solar,0.1054615627399462
2025-10-23 10:00,Solar,0.19510461841549154
2025-10-23 12:00,Solar,0.8132934842529714
2025-10-23 14:00,Solar,0.21069860057455603
2025-10-23 16:00,Solar,0.24435132475329602
2025-10-23 18:00,Solar,0.1555196938655788
2025-10-23 20:00,Solar,0
2025-10-23 22:00,Solar,0
2025-11-23 00:00,Solar,0
2025-11-23 02:00,Solar,0
2025-11-23 04:00,Solar,0
2025-11-23 06:00,Solar,0.0
2025-11-23 08:00,Solar,0.07105407300418243
2025-11-23 10:00,Solar,0.3072680320526983
2025-11-23 12:00,Solar,0.2862730702841926
2025-11-23 14:00,Solar,0.5740060891130285
2025-11-23 16:00,Solar,0.1290545172562468
2025-11-23 18:00,Solar,0.1396832987250961
2025-11-23 20:00,Solar,0
2025-11-23 22:00,Solar,0
2025-12-23 00:00,Solar,0
2025-12-23 02:00,Solar,0
2025-12-23 04:00,Solar,0
2025-12-23 06:00,Solar,0.0
2025-12-23 08:00,Solar,0.053760669517211174
2025-12-23 10:00,Solar,0.3791633222379699
2025-12-23 12:00,Solar,0.25688779669904716
2025-12-23 14:00,Solar,0.784855236447314
2025-12-23 16:00,Solar,0.5248451964978601
2025-12-23 18:00,Solar,0.24480991516616896
2025-12-23 20:00,Solar,0
2025-12-23 22:00,Solar,0
2030-01-23 00:00,Solar,0
2030-01-23 02:00,Solar,0
2030-01-23 04:00,Solar,0
2030-01-23 06:00,Solar,0.0
2030-01-23 08:00,Solar,0.009898704007537139
2030-01-23 10:00,Solar,0.2895384222603364
2030-01-23 12:00,Solar,0.36831852095242745
2030-01-23 14:00,Solar,0.3016397373710713
2030-01-23 16:00,Solar,0.4832384009168308
2030-01-23 18:00,Solar,0.06009606637538848
2030-01-23 20:00,Solar,0
2030-01-23 22:00,Solar,0
2030-02-23 00:00,Solar,0
2030-02-23 02:00,Solar,0
2030-02-23 04:00,Solar,0
2030-02-23 06:00,Solar,0.0
2030-02-23 08:00,Solar,0.2929962254003939
2030-02-23 10:00,Solar,0.47989809269343014
2030-02-23 12:00,Solar,0.3840272789139614
2030-02-23 14:00,Solar,0.35040417203820406
2030-02-23 16:00,Solar,0.6042061022857164
2030-02-23 18:00,Solar,0.22253035906003746
2030-02-23 20:00,Solar,0
2030-02-23 22:00,Solar,0
2030-03-23 00:00,Solar,0
2030-03-23 02:00,Solar,0
2030-03-23 04:00,Solar,0
2030-03-23 06:00,Solar,0.0
2030-03-23 08:00,Solar,0.3083422317138396
2030-03-23 10:00,Solar,0.5599799948169526
2030-03-23 12:00,Solar,0.7215550364290161
2030-03-23 14:00,Solar,0.8918481903365574
2030-03-23 16:00,Solar,0.05887507808393691
2030-03-23 18:00,Solar,0.3385681002940111
2030-03-23 20:00,Solar,0
2030-03-23 22:00,Solar,0
2030-04-23 00:00,Solar,0
2030-04-23 02:00,Solar,0
2030-04-23 04:00,Solar,0
2030-04-23 06:00,Solar,0.0
2030-04-23 08:00,Solar,0.24700734719460005
2030-04-23 10:00,Solar,0.2155266728094018
2030-04-23 12:00,Solar,0.8704229414387602
2030-04-23 14:00,Solar,0.5245795497348305
2030-04-23 16:00,Solar,0.10564361633675232
2030-04-23 18:00,Solar,0.011115273916480777
2030-04-23 20:00,Solar,0
2030-04-23 22:00,Solar,0
2030-05-23 00:00,Solar,0
2030-05-23 02:00,Solar,0
2030-05-23 04:00,Solar,0
2030-05-23 06:00,Solar,0.0
2030-05-23 08:00,Solar,0.026280482538316795
2030-05-23 10:00,Solar,0.3313276016427405
2030-05-23 12:00,Solar,0.3205398309582578
2030-05-23 14:00,Solar,0.9117001283986492
2030-05-23 16:00,Solar,0.6658298209260887
2030-05-23 18:00,Solar,0.08761944086974618
2030-05-23 20:00,Solar,0
2030-05-23 22:00,Solar,0
2030-06-23 00:00,Solar,0
2030-06-23 02:00,Solar,0
2030-06-23 04:00,Solar,0
2030-06-23 06:00,Solar,0.0
2030-06-23 08:00,Solar,0.27492347809941564
2030-06-23 10:00,Solar,0.060864516228713236
2030-06-23 12:00,Solar,0.10038343758813018
2030-06-23 14:00,Solar,0.028572395874400303
2030-06-23 16:00,Solar,0.6085741289416189
2030-06-23 18:00,Solar,0.29793001893353194
2030-06-23 20:00,Solar,0
2030-06-23 22:00,Solar,0
2030-07-23 00:00,Solar,0
2030-07-23 02:00,Solar,0
2030-07-23 04:00,Solar,0
2030-07-23 06:00,Solar,0.0
2030-07-23 08:00,Solar,0.057431698491766936
2030-07-23 10:00,Solar,0.12790133206712498
2030-07-23 12:00,Solar,0.475447875994353
2030-07-23 14:00,Solar,0.9052313264270678
2030-07-23 16:00,Solar,0.6274153422425465
2030-07-23 18:00,Solar,0.07047725797953887
2030-07-23 20:00,Solar,0
2030-07-23 22:00,Solar,0
2030-08-23 00:00,Solar,0
2030-08-23 02:00,Solar,0
2030-08-23 04:00,Solar,0
2030-08-23 06:00,Solar,0.0
2030-08-23 08:00,Solar,0.1696327833883192
2030-08-23 10:00,Solar,0.6519056628423182
2030-08-23 12:00,Solar,0.21362770746240134
2030-08-23 14:00,Solar,0.3414816094115628
2030-08-23 16:00,Solar,0.009965070388113173
2030-08-23 18:00,Solar,0.10817380058503562
2030-08-23 20:00,Solar,0
2030-08-23 22:00,Solar,0
2030-09-23 00:00,Solar,0
2030-09-23 02:00,Solar,0
2030-09-23 04:00,Solar,0
2030-09-23 06:00,Solar,0.0
2030-09-23 08:00,Solar,0.27533792235160914
2030-09-23 10:00,Solar,0.5159309215125698
2030-09-23 12:00,Solar,0.43628884416425373
2030-09-23 14:00,Solar,0.005427661178801668
2030-09-23 16:00,Solar,0.19724469140251694
2030-09-23 18:00,Solar,0.15980752223932795
2030-09-23 20:00,Solar,0
2030-09-23 22:00,Solar,0
2030-10-23 00:00,Solar,0
2030-10-23 02:00,Solar,0
2030-10-23 04:00,Solar,0
2030-10-23 06:00,Solar,0.0
2030-10-23 08:00,Solar,0.12407862097452692
2030-10-23 10:00,Solar,0.1201185674468405
2030-10-23 12:00,Solar,0.7446657257360343
2030-10-23 14:00,Solar,0.7884501549497165
2030-10-23 16:00,Solar,0.25630409136424787
2030-10-23 18:00,Solar,0.11315907954369674
2030-10-23 20:00,Solar,0
2030-10-23 22:00,Solar,0
2030-11-23 00:00,Solar,0
2030-11-23 02:00,Solar,0
2030-11-23 04:00,Solar,0
2030-11-23 06:00,Solar,0.0
2030-11-23 08:00,Solar,0.014286585830181801
2030-11-23 10:00,Solar,0.6649001145679003
2030-11-23 12:00,Solar,0.0991158736995249
2030-11-23 14:00,Solar,0.4329514294868245
2030-11-23 16:00,Solar,0.3424355623629581
2030-11-23 18:00,Solar,0.08508072287198624
2030-11-23 20:00,Solar,0
2030-11-23 22:00,Solar,0
2030-12-23 00:00,Solar,0
2030-12-23 02:00,Solar,0
2030-12-23 04:00,Solar,0
2030-12-23 06:00,Solar,0.0
2030-12-23 08:00,Solar,0.3269574389553206
2030-12-23 10:00,Solar,0.01079019746491151
2030-12-23 12:00,Solar,0.07481042434113394
2030-12-23 14:00,Solar,0.1088157807341611
2030-12-23 16:00,Solar,0.6400561486744248
2030-12-23 18:00,Solar,0.0061139544264169066
2030-12-23 20:00,Solar,0
2030-12-23 22:00,Solar,0
2035-01-23 00:00,Solar,0
2035-01-23 02:00,Solar,0
2035-01-23 04:00,Solar,0
2035-01-23 06:00,Solar,0.0
2035-01-23 08:00,Solar,0.0556447352058508
2035-01-23 10:00,Solar,0.2569663841401472
2035-01-23 12:00,Solar,0.6861742032819246
2035-01-23 14:00,Solar,0.2811532559006287
2035-01-23 16:00,Solar,0.19487101592203962
2035-01-23 18:00,Solar,0.1347778083880247
2035-01-23 20:00,Solar,0
2035-01-23 22:00,Solar,0
2035-02-23 00:00,Solar,0
2035-02-23 02:00,Solar,0
2035-02-23 04:00,Solar,0
2035-02-23 06:00,Solar,0.0
2035-02-23 08:00,Solar,0.26936460102863075
2035-02-23 10:00,Solar,0.023579845412847387
2035-02-23 12:00,Solar,0.7097735316772513
2035-02-23 14:00,Solar,0.47743741062989864
2035-02-23 16:00,Solar,0.40588985111120235
2035-02-23 18:00,Solar,0.09032521525317226
2035-02-23 20:00,Solar,0
2035-02-23 22:00,Solar,0
2035-03-23 00:00,Solar,0
2035-03-23 02:00,Solar,0
2035-03-23 04:00,Solar,0
2035-03-23 06:00,Solar,0.0
2035-03-23 08:00,Solar,0.34281371594686333
2035-03-23 10:00,Solar,0.21204426462389997
2035-03-23 12:00,Solar,0.7112688579237009
2035-03-23 14:00,Solar,0.10903321296564661
2035-03-23 16:00,Solar,0.32955034963975893
2035-03-23 18:00,Solar,0.3309780133234105
2035-03-23 20:00,Solar,0
2035-03-23 22:00,Solar,0
2035-04-23 00:00,Solar,0
2035-04-23 02:00,Solar,0
2035-04-23 04:00,Solar,0
2035-04-23 06:00,Solar,0.0
2035-04-23 08:00,Solar,0.2994522296707848
2035-04-23 10:00,Solar,0.6500803393814073
2035-04-23 12:00,Solar,0.22981213462820083
2035-04-23 14:00,Solar,0.9082846796300483
2035-04-23 16:00,Solar,0.21018474674656618
2035-04-23 18:00,Solar,0.0723106492689235
2035-04-23 20:00,Solar,0
2035-04-23 22:00,Solar,0
2035-05-23 00:00,Solar,0
2035-05-23 02:00,Solar,0
2035-05-23 04:00,Solar,0
2035-05-23 06:00,Solar,0.0
2035-05-23 08:00,Solar,0.11215427670434831
2035-05-23 10:00,Solar,0.6242648527401572
2035-05-23 12:00,Solar,0.2414685326153052
2035-05-23 14:00,Solar,0.394845155255227
2035-05-23 16:00,Solar,0.5535554311899256
2035-05-23 18:00,Solar,0.07443460277594444
2035-05-23 20:00,Solar,0
2035-05-23 22:00,Solar,0
2035-06-23 00:00,Solar,0
2035-06-23 02:00,Solar,0
2035-06-23 04:00,Solar,0
2035-06-23 06:00,Solar,0.0
2035-06-23 08:00,Solar,0.008666324261163455
2035-06-23 10:00,Solar,0.41930489167363627
2035-06-23 12:00,Solar,0.4364713496107606
2035-06-23 14:00,Solar,0.16294596534198136
2035-06-23 16:00,Solar,0.13630142621509056
2035-06-23 18:00,Solar,0.07532728720145106
2035-06-23 20:00,Solar,0
2035-06-23 22:00,Solar,0
2035-07-23 00:00,Solar,0
2035-07-23 02:00,Solar,0
2035-07-23 04:00,Solar,0
2035-07-23 06:00,Solar,0.0
2035-07-23 08:00,Solar,0.1234003058519182
2035-07-23 10:00,Solar,0.25703905552059175
2035-07-23 12:00,Solar,0.38169090204112066
2035-07-23 14:00,Solar,0.17289515446569803
2035-07-23 16:00,Solar,0.3735185545397568
2035-07-23 18:00,Solar,0.346005665834517
2035-07-23 20:00,Solar,0
2035-07-23 22:00,Solar,0
2035-08-23 00:00,Solar,0
2035-08-23 02:00,Solar,0
2035-08-23 04:00,Solar,0
2035-08-23 06:00,Solar,0.0
2035-08-23 08:00,Solar,0.3381437939051655
2035-08-23 10:00,Solar,0.03286751034287128
2035-08-23 12:00,Solar,0.344298951876728
2035-08-23 14:00,Solar,0.020394406677169186
2035-08-23 16:00,Solar,0.34063550250236707
2035-08-23 18:00,Solar,0.2398386161233119
2035-08-23 20:00,Solar,0
2035-08-23 22:00,Solar,0
2035-09-23 00:00,Solar,0
2035-09-23 02:00,Solar,0
2035-09-23 04:00,Solar,0
2035-09-23 06:00,Solar,0.0
2035-09-23 08:00,Solar,0.21492540790519657
2035-09-23 10:00,Solar,0.3899019263932968
2035-09-23 12:00,Solar,0.409755269802795
2035-09-23 14:00,Solar,0.0644528808340743
2035-09-23 16:00,Solar,0.11501849595946605
2035-09-23 18:00,Solar,0.12184145273491913
2035-09-23 20:00,Solar,0
2035-09-23 22:00,Solar,0
2035-10-23 00:00,Solar,0
2035-10-23 02:00,Solar,0
2035-10-23 04:00,Solar,0
2035-10-23 06:00,Solar,0.0
2035-10-23 08:00,Solar,0.19237777735305314
2035-10-23 10:00,Solar,0.2898106347842051
2035-10-23 12:00,Solar,0.9823717930226353
2035-10-23 14:00,Solar,0.4628770686851149
2035-10-23 16:00,Solar,0.0924966652540559
2035-10-23 18:00,Solar,0.05115659569877178
2035-10-23 20:00,Solar,0
2035-10-23 22:00,Solar,0
2035-11-23 00:00,Solar,0
2035-11-23 02:00,Solar,0
2035-11-23 04:00,Solar,0
2035-11-23 06:00,Solar,0.0
2035-11-23 08:00,Solar,0.010428426522200562
2035-11-23 10:00,Solar,0.5077938923962287
2035-11-23 12:00,Solar,0.6931886130829386
2035-11-23 14:00,Solar,0.1915616557496257
2035-11-23 16:00,Solar,0.1264713368858909
2035-11-23 18:00,Solar,0.10736099762067161
2035-11-23 20:00,Solar,0
2035-11-23 22:00,Solar,0
2035-12-23 00:00,Solar,0
2035-12-23 02:00,Solar,0
2035-12-23 04:00,Solar,0
2035-12-23 06:00,Solar,0.0
2035-12-23 08:00,Solar,0.30519226652182174
2035-12-23 10:00,Solar,0.07869760335411179
2035-12-23 12:00,Solar,0.06885018991271297
2035-12-23 14:00,Solar,0.6869292683476554
2035-12-23 16:00,Solar,0.014111714199128033
2035-12-23 18:00,Solar,0.14031952412003673
2035-12-23 20:00,Solar,0
2035-12-23 22:00,Solar,0
2040-01-23 00:00,Solar,0
2040-01-23 02:00,Solar,0
2040-01-23 04:00,Solar,0
2040-01-23 06:00,Solar,0.0
2040-01-23 08:00,Solar,0.34545145494511803
2040-01-23 10:00,Solar,0.43560519591210567
2040-01-23 12:00,Solar,0.5286875159381582
2040-01-23 14:00,Solar,0.607102061349216
2040-01-23 16:00,Solar,0.13261952846439276
2040-01-23 18:00,Solar,0.16768018422284453
2040-01-23 20:00,Solar,0
2040-01-23 22:00,Solar,0
2040-02-23 00:00,Solar,0
2040-02-23 02:00,Solar,0
2040-02-23 04:00,Solar,0
2040-02-23 06:00,Solar,0.0
2040-02-23 08:00,Solar,0.31371011327400977
2040-02-23 10:00,Solar,0.27566514212940885
2040-02-23 12:00,Solar,0.7802391052895944
2040-02-23 14:00,Solar,0.9272403653958685
2040-02-23 16:00,Solar,0.6602259313205133
2040-02-23 18:00,Solar,0.06940574238282213
2040-02-23 20:00,Solar,0
2040-02-23 22:00,Solar,0
2040-03-23 00:00,Solar,0
2040-03-23 02:00,Solar,0
2040-03-23 04:00,Solar,0
2040-03-23 06:00,Solar,0.0
2040-03-23 08:00,Solar,0.090121838957682
2040-03-23 10:00,Solar,0.2476802020480177
2040-03-23 12:00,Solar,0.2460526012684463
2040-03-23 14:00,Solar,0.7069161714685521
2040-03-23 16:00,Solar,0.1155318010691646
2040-03-23 18:00,Solar,0.005866996613418978
2040-03-23 20:00,Solar,0
2040-03-23 22:00,Solar,0
2040-04-23 00:00,Solar,0
2040-04-23 02:00,Solar,0
2040-04-23 04:00,Solar,0
2040-04-23 06:00,Solar,0.0
2040-04-23 08:00,Solar,0.17755820981314913
2040-04-23 10:00,Solar,0.22490681503845222
2040-04-23 12:00,Solar,0.7227586968346772
2040-04-23 14:00,Solar,0.71648240528677
2040-04-23 16:00,Solar,0.5126038309843376
2040-04-23 18:00,Solar,0.15075784649406754
2040-04-23 20:00,Solar,0
2040-04-23 22:00,Solar,0
2040-05-23 00:00,Solar,0
2040-05-23 02:00,Solar,0
2040-05-23 04:00,Solar,0
2040-05-23 06:00,Solar,0.0
2040-05-23 08:00,Solar,0.037330204959956
2040-05-23 10:00,Solar,0.09756852658193149
2040-05-23 12:00,Solar,0.5059639029268458
2040-05-23 14:00,Solar,0.040081052632904624
2040-05-23 16:00,Solar,0.332672066217218
2040-05-23 18:00,Solar,0.0029922237103996996
2040-05-23 20:00,Solar,0
2040-05-23 22:00,Solar,0
2040-06-23 00:00,Solar,0
2040-06-23 02:00,Solar,0
2040-06-23 04:00,Solar,0
2040-06-23 06:00,Solar,0.0
2040-06-23 08:00,Solar,0.2468552976649475
2040-06-23 10:00,Solar,0.09614956199538166
2040-06-23 12:00,Solar,0.5579628036595788
2040-06-23 14:00,Solar,0.9325114921646932
2040-06-23 16:00,Solar,0.4397607979153218
2040-06-23 18:00,Solar,0.27093919582464604
2040-06-23 20:00,Solar,0
2040-06-23 22:00,Solar,0
2040-07-23 00:00,Solar,0
2040-07-23 02:00,Solar,0
2040-07-23 04:00,Solar,0
2040-07-23 06:00,Solar,0.0
2040-07-23 08:00,Solar,0.3163379647578816
2040-07-23 10:00,Solar,0.30888171170374423
2040-07-23 12:00,Solar,0.19768585798690586
2040-07-23 14:00,Solar,0.05290424226887103
2040-07-23 16:00,Solar,0.4902022252207325
2040-07-23 18:00,Solar,0.34662860233456055
2040-07-23 20:00,Solar,0
2040-07-23 22:00,Solar,0
2040-08-23 00:00,Solar,0
2040-08-23 02:00,Solar,0
2040-08-23 04:00,Solar,0
2040-08-23 06:00,Solar,0.0
2040-08-23 08:00,Solar,0.34690711793844276
2040-08-23 10:00,Solar,0.3135242564254647
2040-08-23 12:00,Solar,0.05109171581019922
2040-08-23 14:00,Solar,0.7314334414290816
2040-08-23 16:00,Solar,0.6591844336406423
2040-08-23 18:00,Solar,0.18712556778857842
2040-08-23 20:00,Solar,0
2040-08-23 22:00,Solar,0
2040-09-23 00:00,Solar,0
2040-09-23 02:00,Solar,0
2040-09-23 04:00,Solar,0
2040-09-23 06:00,Solar,0.0
2040-09-23 08:00,Solar,0.03347919324830636
2040-09-23 10:00,Solar,0.22000708575279268
2040-09-23 12:00,Solar,0.5988775260054994
2040-09-23 14:00,Solar,0.9558161527210204
2040-09-23 16:00,Solar,0.6059431590838545
2040-09-23 18:00,Solar,0.20899082329470775
2040-09-23 20:00,Solar,0
2040-09-23 22:00,Solar,0
2040-10-23 00:00,Solar,0
2040-10-23 02:00,Solar,0
2040-10-23 04:00,Solar,0
2040-10-23 06:00,Solar,0.0
2040-10-23 08:00,Solar,0.2476918193563512
2040-10-23 10:00,Solar,0.24302762334340583
2040-10-23 12:00,Solar,0.4755908876942586
2040-10-23 14:00,Solar,0.003041487634341644
2040-10-23 16:00,Solar,0.6039268115461051
2040-10-23 18:00,Solar,0.3362315458319986
2040-10-23 20:00,Solar,0
2040-10-23 22:00,Solar,0
2040-11-23 00:00,Solar,0
2040-11-23 02:00,Solar,0
2040-11-23 04:00,Solar,0
2040-11-23 06:00,Solar,0.0
2040-11-23 08:00,Solar,0.2877911265507623
2040-11-23 10:00,Solar,0.1338024949442011
2040-11-23 12:00,Solar,0.334968056853575
2040-11-23 14:00,Solar,0.5863365487228375
2040-11-23 16:00,Solar,0.4854992583975824
2040-11-23 18:00,Solar,0.3407898309618904
2040-11-23 20:00,Solar,0
2040-11-23 22:00,Solar,0
2040-12-23 00:00,Solar,0
2040-12-23 02:00,Solar,0
2040-12-23 04:00,Solar,0
2040-12-23 06:00,Solar,0.0
2040-12-23 08:00,Solar,0.11387499942682872
2040-12-23 10:00,Solar,0.5262590046623745
2040-12-23 12:00,Solar,0.5886880197633014
2040-12-23 14:00,Solar,0.7200432465855424
2040-12-23 16:00,Solar,0.3675373411998899
2040-12-23 18:00,Solar,0.09263573392597331
2040-12-23 20:00,Solar,0
2040-12-23 22:00,Solar,0
2045-01-23 00:00,Solar,0
2045-01-23 02:00,Solar,0
2045-01-23 04:00,Solar,0
2045-01-23 06:00,Solar,0.0
2045-01-23 08:00,Solar,0.12528769165711978
2045-01-23 10:00,Solar,0.29034241056551446
2045-01-23 12:00,Solar,0.21665597880154053
2045-01-23 14:00,Solar,0.6104356499918243
2045-01-23 16:00,Solar,0.19436391545695952
2045-01-23 18:00,Solar,0.2979138531848778
2045-01-23 20:00,Solar,0
2045-01-23 22:00,Solar,0
2045-02-23 00:00,Solar,0
2045-02-23 02:00,Solar,0
2045-02-23 04:00,Solar,0
2045-02-23 06:00,Solar,0.0
2045-02-23 08:00,Solar,0.1405792955716837
2045-02-23 10:00,Solar,0.6210299172871057
2045-02-23 12:00,Solar,0.11154028436490948
2045-02-23 14:00,Solar,0.6390686920444887
2045-02-23 16:00,Solar,0.37994200177965815
2045-02-23 18:00,Solar,0.16367571657265975
2045-02-23 20:00,Solar,0
2045-02-23 22:00,Solar,0
2045-03-23 00:00,Solar,0
2045-03-23 02:00,Solar,0
2045-03-23 04:00,Solar,0
2045-03-23 06:00,Solar,0.0
2045-03-23 08:00,Solar,0.16112318541042955
2045-03-23 10:00,Solar,0.40285772199420455
2045-03-23 12:00,Solar,0.380091147896257
2045-03-23 14:00,Solar,0.6901145428317885
2045-03-23 16:00,Solar,0.576806441717492
2045-03-23 18:00,Solar,0.2187888656935985
2045-03-23 20:00,Solar,0
2045-03-23 22:00,Solar,0
2045-04-23 00:00,Solar,0
2045-04-23 02:00,Solar,0
2045-04-23 04:00,Solar,0
2045-04-23 06:00,Solar,0.0
2045-04-23 08:00,Solar,0.25906383396923827
2045-04-23 10:00,Solar,0.4191488849893442
2045-04-23 12:00,Solar,0.9290974395965388
2045-04-23 14:00,Solar,0.8440305761867707
2045-04-23 16:00,Solar,0.4764286712517143
2045-04-23 18:00,Solar,0.039063022608237866
2045-04-23 20:00,Solar,0
2045-04-23 22:00,Solar,0
2045-05-23 00:00,Solar,0
2045-05-23 02:00,Solar,0
2045-05-23 04:00,Solar,0
2045-05-23 06:00,Solar,0.0
2045-05-23 08:00,Solar,0.0689132132819527
2045-05-23 10:00,Solar,0.05273429157332122
2045-05-23 12:00,Solar,0.3217022348210531
2045-05-23 14:00,Solar,0.9454967126843307
2045-05-23 16:00,Solar,0.5030532585818864
2045-05-23 18:00,Solar,0.07168019890530823
2045-05-23 20:00,Solar,0
2045-05-23 22:00,Solar,0
2045-06-23 00:00,Solar,0
2045-06-23 02:00,Solar,0
2045-06-23 04:00,Solar,0
2045-06-23 06:00,Solar,0.0
2045-06-23 08:00,Solar,0.32367618637554213
2045-06-23 10:00,Solar,0.3744396161771744
2045-06-23 12:00,Solar,0.34822194260299943
2045-06-23 14:00,Solar,0.12444216200746017
2045-06-23 16:00,Solar,0.6174870678531553
2045-06-23 18:00,Solar,0.044036781393789484
2045-06-23 20:00,Solar,0
2045-06-23 22:00,Solar,0
2045-07-23 00:00,Solar,0
2045-07-23 02:00,Solar,0
2045-07-23 04:00,Solar,0
2045-07-23 06:00,Solar,0.0
2045-07-23 08:00,Solar,0.15278466494862084
2045-07-23 10:00,Solar,0.4082525538501371
2045-07-23 12:00,Solar,0.7298557638980381
2045-07-23 14:00,Solar,0.49865811733049403
2045-07-23 16:00,Solar,0.15531696464924702
2045-07-23 18:00,Solar,0.310539344236186
2045-07-23 20:00,Solar,0
2045-07-23 22:00,Solar,0
2045-08-23 00:00,Solar,0
2045-08-23 02:00,Solar,0
2045-08-23 04:00,Solar,0
2045-08-23 06:00,Solar,0.0
2045-08-23 08:00,Solar,0.14607862389169354
2045-08-23 10:00,Solar,0.6161515379634612
2045-08-23 12:00,Solar,0.7533395332269316
2045-08-23 14:00,Solar,0.19622290418342891
2045-08-23 16:00,Solar,0.4655666154963767
2045-08-23 18:00,Solar,0.08887081840054845
2045-08-23 20:00,Solar,0
2045-08-23 22:00,Solar,0
2045-09-23 00:00,Solar,0
2045-09-23 02:00,Solar,0
2045-09-23 04:00,Solar,0
2045-09-23 06:00,Solar,0.0
2045-09-23 08:00,Solar,0.07085979452059563
2045-09-23 10:00,Solar,0.058242292635630306
2045-09-23 12:00,Solar,0.08310008773833188
2045-09-23 14:00,Solar,0.7500108967138335
2045-09-23 16:00,Solar,0.12275294524551929
2045-09-23 18:00,Solar,0.16333682991058793
2045-09-23 20:00,Solar,0
2045-09-23 22:00,Solar,0
2045-10-23 00:00,Solar,0
2045-10-23 02:00,Solar,0
2045-10-23 04:00,Solar,0
2045-10-23 06:00,Solar,0.0
2045-10-23 08:00,Solar,0.3209613715261117
2045-10-23 10:00,Solar,0.3152388596044109
2045-10-23 12:00,Solar,0.35886485222808007
2045-10-23 14:00,Solar,0.35256259785864574
2045-10-23 16:00,Solar,0.027067275873307893
2045-10-23 18:00,Solar,0.3330748183744699
2045-10-23 20:00,Solar,0
2045-10-23 22:00,Solar,0
2045-11-23 00:00,Solar,0
2045-11-23 02:00,Solar,0
2045-11-23 04:00,Solar,0
2045-11-23 06:00,Solar,0.0
2045-11-23 08:00,Solar,0.012600901274446895
2045-11-23 10:00,Solar,0.2675846027890463
2045-11-23 12:00,Solar,0.23604184258035688
2045-11-23 14:00,Solar,0.195541970901715
2045-11-23 16:00,Solar,0.4520381251820017
2045-11-23 18:00,Solar,0.08040088202050015
2045-11-23 20:00,Solar,0
2045-11-23 22:00,Solar,0
2045-12-23 00:00,Solar,0
2045-12-23 02:00,Solar,0
2045-12-23 04:00,Solar,0
2045-12-23 06:00,Solar,0.0
2045-12-23 08:00,Solar,0.11723206296609122
2045-12-23 10:00,Solar,0.14042717636305488
2045-12-23 12:00,Solar,0.44787674794123067
2045-12-23 14:00,Solar,0.8157737979601725
2045-12-23 16:00,Solar,7.099945793315188e-05
2045-12-23 18:00,Solar,0.30197478194235594
2045-12-23 20:00,Solar,0
2045-12-23 22:00,Solar,0
